sample	locus	allele	probability_gnn	probability_lookup	probability
sample_0	A	HLA-A*01:01	0.0005	0.0000	0.0003
sample_0	A	HLA-A*01:25	0.0000	0.0000	0.0000
sample_0	A	HLA-A*02:01	0.0000	0.1945	0.0584
sample_0	A	HLA-A*02:02	0.0000	0.0000	0.0000
sample_0	A	HLA-A*02:03	0.0000	0.0000	0.0000
sample_0	A	HLA-A*02:05	0.0000	0.0000	0.0000
sample_0	A	HLA-A*02:06	0.0000	0.1945	0.0583
sample_0	A	HLA-A*02:07	0.0000	0.0000	0.0000
sample_0	A	HLA-A*02:09	0.0000	0.0000	0.0000
sample_0	A	HLA-A*02:11	0.0000	0.0000	0.0000
sample_0	A	HLA-A*02:17	0.0000	0.0000	0.0000
sample_0	A	HLA-A*02:20	0.0000	0.0000	0.0000
sample_0	A	HLA-A*03:01	0.0001	0.1945	0.0584
sample_0	A	HLA-A*11:01	0.0001	0.0000	0.0001
sample_0	A	HLA-A*23:01	0.0000	0.0000	0.0000
sample_0	A	HLA-A*24:02	0.0595	0.0000	0.0416
sample_0	A	HLA-A*24:03	0.0000	0.0000	0.0000
sample_0	A	HLA-A*24:10	0.0000	0.0000	0.0000
sample_0	A	HLA-A*25:01	0.0000	0.0000	0.0000
sample_0	A	HLA-A*26:01	0.0000	0.0000	0.0000
sample_0	A	HLA-A*26:08	0.0000	0.0000	0.0000
sample_0	A	HLA-A*29:01	0.0000	0.0000	0.0000
sample_0	A	HLA-A*29:02	0.0000	0.1945	0.0583
sample_0	A	HLA-A*30:01	0.0518	0.0000	0.0363
sample_0	A	HLA-A*30:02	0.0000	0.0000	0.0000
sample_0	A	HLA-A*30:04	0.0000	0.0000	0.0000
sample_0	A	HLA-A*31:01	0.0005	0.0000	0.0003
sample_0	A	HLA-A*32:01	0.9700	0.3889	0.7956
sample_0	A	HLA-A*32:03	0.0000	0.0000	0.0000
sample_0	A	HLA-A*33:01	0.0000	0.0000	0.0000
sample_0	A	HLA-A*33:03	0.0000	0.0000	0.0000
sample_0	A	HLA-A*34:01	0.0000	0.0000	0.0000
sample_0	A	HLA-A*34:02	0.0000	0.1945	0.0583
sample_0	A	HLA-A*66:01	0.0000	0.1945	0.0583
sample_0	A	HLA-A*68:01	0.9998	1.0000	0.9998
sample_0	A	HLA-A*68:02	0.0000	0.0000	0.0000
sample_0	A	HLA-A*68:03	0.0000	0.0000	0.0000
sample_0	A	HLA-A*69:01	0.0000	0.0000	0.0000
sample_0	A	HLA-A*74:02	0.0000	0.0000	0.0000
sample_0	A	HLA-A*80:01	0.0000	0.0000	0.0000
sample_0	A	HLA-A*homozygous	0.0004	0.0000	0.0003
sample_0	B	HLA-B*07:02	0.0000	0.0000	0.0000
sample_0	B	HLA-B*07:05	0.0000	0.0000	0.0000
sample_0	B	HLA-B*07:06	0.0000	0.0000	0.0000
sample_0	B	HLA-B*07:10	0.0000	0.0000	0.0000
sample_0	B	HLA-B*08:01	0.0000	0.0000	0.0000
sample_0	B	HLA-B*13:01	0.0002	0.0000	0.0001
sample_0	B	HLA-B*13:02	0.0784	0.0000	0.0627
sample_0	B	HLA-B*14:01	0.0000	0.0000	0.0000
sample_0	B	HLA-B*14:02	0.0000	0.0000	0.0000
sample_0	B	HLA-B*15:01	0.9657	1.0000	0.9725
sample_0	B	HLA-B*15:02	0.0000	0.1895	0.0379
sample_0	B	HLA-B*15:03	0.0002	0.0000	0.0001
sample_0	B	HLA-B*15:08	0.0000	0.0000	0.0000
sample_0	B	HLA-B*15:10	0.0000	0.0000	0.0000
sample_0	B	HLA-B*15:12	0.0086	0.0000	0.0069
sample_0	B	HLA-B*15:17	0.0000	0.0000	0.0000
sample_0	B	HLA-B*15:18	0.0000	0.0000	0.0000
sample_0	B	HLA-B*15:21	0.0000	0.0000	0.0000
sample_0	B	HLA-B*15:220	0.0001	0.0000	0.0001
sample_0	B	HLA-B*15:24	0.0000	0.0000	0.0000
sample_0	B	HLA-B*15:25	0.0014	0.0000	0.0011
sample_0	B	HLA-B*15:35	0.0333	0.0000	0.0267
sample_0	B	HLA-B*15:71	0.0044	0.0000	0.0035
sample_0	B	HLA-B*18:01	0.0011	0.0000	0.0009
sample_0	B	HLA-B*18:02	0.0000	0.0000	0.0000
sample_0	B	HLA-B*18:03	0.0000	0.0000	0.0000
sample_0	B	HLA-B*27:02	0.0000	0.0000	0.0000
sample_0	B	HLA-B*27:04	0.0000	0.0000	0.0000
sample_0	B	HLA-B*27:05	0.0000	0.0000	0.0000
sample_0	B	HLA-B*27:13	0.0000	0.0000	0.0000
sample_0	B	HLA-B*35:01	0.0000	0.0000	0.0000
sample_0	B	HLA-B*35:02	0.0000	0.0000	0.0000
sample_0	B	HLA-B*35:03	0.0000	0.0000	0.0000
sample_0	B	HLA-B*35:05	0.0000	0.0000	0.0000
sample_0	B	HLA-B*35:08	0.0180	0.0000	0.0144
sample_0	B	HLA-B*35:11	0.0000	0.0000	0.0000
sample_0	B	HLA-B*35:30	0.0000	0.0000	0.0000
sample_0	B	HLA-B*37:01	0.0000	0.0000	0.0000
sample_0	B	HLA-B*38:01	0.0000	0.0000	0.0000
sample_0	B	HLA-B*38:02	0.0000	0.0000	0.0000
sample_0	B	HLA-B*39:01	0.0000	0.0000	0.0000
sample_0	B	HLA-B*39:05	0.0000	0.0000	0.0000
sample_0	B	HLA-B*39:06	0.0000	0.0000	0.0000
sample_0	B	HLA-B*39:24	0.0000	0.0000	0.0000
sample_0	B	HLA-B*39:31	0.0000	0.0000	0.0000
sample_0	B	HLA-B*40:01	0.0000	0.0000	0.0000
sample_0	B	HLA-B*40:02	0.0000	0.0000	0.0000
sample_0	B	HLA-B*40:06	0.0000	0.0000	0.0000
sample_0	B	HLA-B*40:32	0.0000	0.0000	0.0000
sample_0	B	HLA-B*41:01	0.0000	0.0000	0.0000
sample_0	B	HLA-B*41:02	0.0000	0.0000	0.0000
sample_0	B	HLA-B*42:01	0.0000	0.0000	0.0000
sample_0	B	HLA-B*42:02	0.0000	0.0000	0.0000
sample_0	B	HLA-B*44:02	0.9215	0.3443	0.8061
sample_0	B	HLA-B*44:03	0.0524	0.1895	0.0798
sample_0	B	HLA-B*44:05	0.0000	0.0000	0.0000
sample_0	B	HLA-B*44:27	0.0005	0.0000	0.0004
sample_0	B	HLA-B*44:29	0.0000	0.0000	0.0000
sample_0	B	HLA-B*45:01	0.0000	0.0000	0.0000
sample_0	B	HLA-B*46:01	0.0000	0.0000	0.0000
sample_0	B	HLA-B*47:01	0.0000	0.0000	0.0000
sample_0	B	HLA-B*48:03	0.0000	0.0000	0.0000
sample_0	B	HLA-B*49:01	0.0000	0.0000	0.0000
sample_0	B	HLA-B*50:01	0.0000	0.0000	0.0000
sample_0	B	HLA-B*51:01	0.0000	0.0000	0.0000
sample_0	B	HLA-B*51:02	0.0000	0.0000	0.0000
sample_0	B	HLA-B*51:08	0.0000	0.0000	0.0000
sample_0	B	HLA-B*52:01	0.0000	0.0000	0.0000
sample_0	B	HLA-B*53:01	0.0000	0.0000	0.0000
sample_0	B	HLA-B*54:01	0.0000	0.0000	0.0000
sample_0	B	HLA-B*55:01	0.0000	0.0000	0.0000
sample_0	B	HLA-B*55:02	0.0000	0.0000	0.0000
sample_0	B	HLA-B*56:01	0.0000	0.0000	0.0000
sample_0	B	HLA-B*56:04	0.0001	0.0000	0.0001
sample_0	B	HLA-B*57:01	0.0000	0.1895	0.0379
sample_0	B	HLA-B*57:03	0.0000	0.0000	0.0000
sample_0	B	HLA-B*58:01	0.0000	0.0000	0.0000
sample_0	B	HLA-B*73:01	0.0000	0.0000	0.0000
sample_0	B	HLA-B*homozygous	0.0041	0.0000	0.0033
sample_0	C	HLA-C*01:02	0.0000	0.0000	0.0000
sample_0	C	HLA-C*01:03	0.0000	0.0000	0.0000
sample_0	C	HLA-C*01:12	0.0000	0.0000	0.0000
sample_0	C	HLA-C*02:02	0.0011	0.0000	0.0009
sample_0	C	HLA-C*02:27	0.0000	0.0000	0.0000
sample_0	C	HLA-C*03:02	0.0000	0.0000	0.0000
sample_0	C	HLA-C*03:03	0.9038	1.0000	0.9231
sample_0	C	HLA-C*03:04	0.1735	0.0000	0.1388
sample_0	C	HLA-C*03:32	0.0005	0.0000	0.0004
sample_0	C	HLA-C*03:44	0.0000	0.0000	0.0000
sample_0	C	HLA-C*04:01	0.3292	0.0000	0.2634
sample_0	C	HLA-C*04:03	0.0000	0.0000	0.0000
sample_0	C	HLA-C*05:01	0.0000	0.0000	0.0000
sample_0	C	HLA-C*06:02	0.0023	0.0000	0.0018
sample_0	C	HLA-C*07:01	0.0070	0.0000	0.0056
sample_0	C	HLA-C*07:02	0.0002	0.0000	0.0002
sample_0	C	HLA-C*07:04	0.9994	0.0000	0.7995
sample_0	C	HLA-C*07:06	0.0000	0.0000	0.0000
sample_0	C	HLA-C*07:18	0.0000	0.0000	0.0000
sample_0	C	HLA-C*07:21	0.0000	0.0000	0.0000
sample_0	C	HLA-C*08:01	0.0000	0.0000	0.0000
sample_0	C	HLA-C*08:02	0.0000	0.0000	0.0000
sample_0	C	HLA-C*12:02	0.0001	0.0000	0.0001
sample_0	C	HLA-C*12:03	0.0000	0.0000	0.0000
sample_0	C	HLA-C*12:04	0.0000	0.0000	0.0000
sample_0	C	HLA-C*14:02	0.0000	0.0000	0.0000
sample_0	C	HLA-C*14:03	0.0000	0.0000	0.0000
sample_0	C	HLA-C*15:02	0.0000	0.0000	0.0000
sample_0	C	HLA-C*15:05	0.0000	0.0000	0.0000
sample_0	C	HLA-C*15:13	0.0000	0.0000	0.0000
sample_0	C	HLA-C*16:01	0.0000	0.7937	0.1587
sample_0	C	HLA-C*16:02	0.0000	0.0000	0.0000
sample_0	C	HLA-C*16:04	0.0000	0.0000	0.0000
sample_0	C	HLA-C*17:01	0.0002	0.0000	0.0002
sample_0	C	HLA-C*17:03	0.0002	0.0000	0.0001
sample_0	C	HLA-C*18:01	0.0237	0.0000	0.0190
sample_0	C	HLA-C*homozygous	0.0008	0.0000	0.0006
